objectId,label
13964,2 A PLUS COMPANY LIMITED
13963,"2 FELLOWS NETWORK & DESIGN CO., LTD."
13965,"24 SOLUTION GROUP (THAILAND) CO., LTD"
13966,"27 ENGINEERING CO., LTD."
13967,28 SOLUTION COMPANY LIMITED
13968,3 BS COMPANY LIMITED
13969,3 LN COMPANY LIMITED
13970,3 PLUS SOFT COMPANY LIMITED
13971,"33 REMITTANCE CO., LTD."
13972,3D TV TECH COMPANY LIMITED
26971,3phon
13973,724 MARKET COMPANY LIMITED
13974,88(THAILAND) PUBLIC COMPANY LIMITED
13975,888 TECHNOLOGY COMPANY LIMITED
13976,"98 ALPHA EMBODIMEN CO., LTD."
13977,"989 AUTO INNO TECH CO., LTD."
13978,A & P MANAGEMENT GROUP COMPANY LIMITED
13979,"A P INSURANCE BROKER CO.,LTD."
13980,A&P SIAM NEO GROUP PUBLIC COMPANY LIMITED
13981,A.G.UNIVERSAL COMPANY LIMITED
13982,"A2 TECHNOLOGIES CO.,LTD."
13983,AA YAOWARAT GOLDSMITH COMPANY LIMITED
26824,"AB Logistics (Thailand) Co., Ltd."
13984,"ABBOT TECHNOLOGY CO., LTD."
13985,ABC TECHNOLOGY COMPANY LIMITED
18134,ABSOLUTE CLEAN ENERGY PUBLIC COMPANY LIMITED
13986,"ACC CONSULTING CO., LTD."
13987,"ACIS PROFESSIONAL CENTER CO.,LTD."
13988,"ACTION TOGETHER SOLUTIONS CO., LTD."
13989,"ACTUALIZ CO., LTD."
13990,ADDLIFE COMPANY LIMITED
13991,ADEO SOLUTION COMPANY LIMITED
13992,ADEPTUS THAI COMPANY LIMITED
13993,ADISORN CONSTRUCTION COMPANY LIMITED
13994,"ADK THAI CO., LTD."
13995,ADS HOTEL SOFTWARE COMPANY LIMITED
13996,ADVANCE FIBER COMPANY LIMITED
13997,"ADVANCE INTEGRATION CO.,LTD."
13998,ADVANCE INTERFREIGHT SERVICE COMPANY LIMITED
13999,ADVANCE NETWORK TECHNOLOGY & SERVICES COMPANY LIMITED
14000,"ADVANCE THERMO TECHNOLOGY CO., LTD."
14001,ADVANCED RESEARCH GROUP COMPANY LIMITED
14002,AERO SOLAR AND AUTOMATION COMPANY LIMITED
14003,AERONAUTICAL RADIO OF THAILAND LTD.
14004,AEROWORKS (ASIA) COMPANY LIMITED
14005,AFTER YOU PUBLIC COMPANY LIMITED
14006,"AGENCY GENIUS CO.,LTD."
14007,"AGRO (THAILAND) CO., LTD."
14008,"AGY HERO CO., LTD."
14009,"AI DECORATION CO.,LTD."
26840,AIM PACK (THAILAND) COMPANY LIMITED
14010,AIRA FACTORING PUBLIC COMPANY LIMITED
14011,AIRA PROPERTY PUBLIC COMPANY LIMITED
14012,AKSORN CHAROEN TAT A.C.T. (25) COMPANY LIMITED
14013,"ALADDINSTAR CO., LTD."
14014,ALADIN EXPRESS (THAILAND) COMPANY LIMITED
14015,ALBATROSS COMPANY LIMITED
14016,ALCHEMIST COMPANY LIMITED
14017,"ALL ABOUT YOU CO., LTD."
24694,ALL MICROTECH (THAILAND) COMPANY LIMITED
14018,ALL SERVICE SOLUTIONS COMPANY LIMITED
14019,ALL-IN-ONE SOFTWARE COMPANY LIMITED
14020,ALMENDRA (THAILAND) COMPANY LIMITED
14021,ALPHABIZ SOLUTIONS COMPANY LIMITED
26822,"always pioneering innovation co.,ltd"
14022,"ALYSSA GLOBAL CO., LTD."
14023,AMANAH LEASING PUBLIC COMPANY LIMITED
14024,AMATA TEAM COMPANY LIMITED
14025,AMBER SMART INSURANCE BROKER COMPANY LIMITED
14026,AMCHASE PHUKET HP (THAILAND) COMPANY LIMITED
14027,AMG INSURE BROKER COMPANY LIMITED
14028,AMITY INSURANCE BROKER COMPANY LIMITED
14029,"AMPLE ENERGY CO., LTD."
26819,"Amway (Thailand) Ltd,"
14030,ANANTA NETWORK SOLUTIONS COMPANY LIMITED
14031,ANJI - NYK LOGISTICS (THAILAND) COMPANY LIMITED
14032,ANYPAY COMPANY LIMITED
14033,AOSOFT COMPANY LIMITED
14034,AOT GROUND AVIATION SERVICES COMPANY LIMITED
14035,"AP AVIATION CO., LTD."
14036,API ADVANCE INTEGRATE 2019 COMPANY LIMITED
14037,APICO (KHORAT) COMPANY LIMITED
14038,APP 21 COMPANY LIMITED
14039,APPLE FILM COMPANY LIMITED
14040,APPLICAD PUBLIC COMPANY LIMITED
14041,"APPLICATION ON NET CO.,LTD."
24540,AppSetter Company Limited
14042,"ARAK ANIMAL HEALTHCARE CO., LTD."
14043,"ARCHITECTS 49 CO., LTD."
14044,ARGERZY COMPANY LIMITED
14045,ARIEL FREIGHT COMPANY LIMITED
14046,"ARMADILLO TECH CO., LTD."
14063,Armed Forces Development Command Saving and Credit Co-Opertative Limited
14047,ARROW SYNDICATE PUBLIC COMPANY LIMITED
26879,ARUN ASSET MANAGEMENT COMPANY LIMITED
14048,ASIA BIOMASS PUBLIC COMPANY LIMITED
14049,ASIA FOOD SOLUTION COMPANY LIMITED
14050,ASIA INTERNATIONAL HOSPITAL COMPANY LIMITED
14051,ASITAKIJ COMPANY LIMITED
14052,ASKME SOLUTION & CONSULTANL COMPANY LIMITED
14053,ASKME SOLUTIONS COMPANY LIMITED
14054,ASSETWISE PUBLIC COMPANY LIMITED
14055,ATT SOLUTION COMPANY LIMITED
14056,"ATT SOLUTION CONSULTANT CO., LTD."
14057,AURORA DESIGN PUBLIC COMPANY LIMITED
14058,AUTO MATION MASTER COMPANY LIMITED
14059,AUTO MOTION WORKS COMPANY LIMITED
14060,"AUTO VATIVE CO., LTD."
14061,"AVISION CO., LTD."
14062,AWARE CORPORATION LIMITED
14064,B.B.HOLDING COMPANY LIMITED
14065,B.GRIMM CARRIER [THAILAND] COMPANY LIMITED
14066,B.T. ENGINEERING COMPANY LIMITED
14067,BAAN SARIN COMPANY LIMITED
14068,BAFS INNOVATION DEVELOPMENT COMPANY LIMITED
14069,BAFS PIPELINE TRANSPORTATION LIMITED
14070,BANDEE ARCHITECT DESIGN AND CONSTRUCTION COMPANY LIMITED
14072,"BANG PA-IN CONCRETE PILE CO., LTD."
14071,BANG SUE CHIA MENG RICE MILL COMPANY LIMITED
14073,BANGKOK AIRWAYS PUBLIC COMPANY LIMITED
14074,BANGKOK AVIATION FUEL SERVICES PUBLIC COMPANY LIMITED
14075,BANGKOK CAPITAL ASSET MANAGEMENT COMPANY LIMITED
14076,BANGKOK COMMERCIAL ASSET MANAGEMENT PUBLIC COMPANY LIMITED
14077,BANGKOK GENOMICS INNOVATION PUBLIC COMPANY LIMITED
14078,BANGKOK INDUSTRIAL GAS COMPANY LIMITED
14079,BANGKOK INSURANCE PUBLIC COMPANY LIMITED
14130,Bangkok International Preparatory and Secondary School
14080,BANGKOK LAB AND COSMETIC PUBLIC COMPANY LIMITED
14081,BANGKOK MAGNET WIRE COMPANY LIMITED
14082,BANGKOK MEDIA & BROADCASTING COMPANY LIMITED
14083,BANGKOK METRO NETWORKS LIMITED
14084,"BANGKOK P V C (1996) CO., LTD."
14129,Bangkok Prep International School
14085,BANGKOK SOLAR POWER COMPANY LIMITED
14086,"BB CONTENT & MULTIMEDIA CO., LTD."
14087,BB TECHNOLOGY COMPANY LIMITED
14088,BE GOOD DO GOOD COMPANY LIMITED
14089,BEAUTYCLUB SHOPPING COMPANY LIMITED
14131,Beef Cluster Cooperative Ltd.
14090,BEGER COMPANY LIMITED
14091,BELI SERVICE COMPANY LIMITED
14092,"BELL TRANSPORT CO.,LTD."
14093,BELLUGG GROUP COMPANY LIMITED
14094,BELTON INDUSTRIAL (THAILAND) LTD.
14095,BEN TECH CHEMICAL COMPANY LIMITED
14132,Benjamarachutit School
14096,BEST T.J. GROUP COMPANY LIMITED
14097,"BETTER SYSTEM INTERNATIONAL CO.,LTD."
14098,BETTER WAY (THAILAND) COMPANY LIMITED
14099,BEXSYS COMPANY LIMITED
14100,"BEYOND WEALTH CO., LTD."
21277,Big Data Institute (Public Organization)
14101,"BIGL TECHNOLOGIES (THAILAND) CO., LTD."
14102,"BIO SCIENCE ANIMAL HEALTH CO.,LTD. PUBLIC COMPANY LIMITED"
14103,"BITCO DATA SCIENCES SOLUTIONS CO., LTD."
14104,"BITNANCE CO., LTD."
14105,BIZ FOLK COMPANY LIMITED
14106,"BLENDATA CO., LTD."
14107,BLUE FISH SOLUTION COMPANY LIMITED
14108,"BLUE STALLION CO., LTD."
14109,"BLUEBELL SECURITIES CO., LTD."
14110,BLUESEAS ENTERPRISE COMPANY LIMITED
14111,BNN RESTAURANT GROUP COMPANY LIMITED
14112,"BOLT & NUT INDUSTRY CO., LTD."
21276,Boromarajonani College of Nursing Nopparat Vajira
14113,"BOSS OUTSOURCING SERVICE RECRUITMENT CO.,LTD."
14114,BOSS PHARMACARE COMPANY LIMITED
14115,BOWINS SILVER COMPANY LIMITED
14116,BRAINERGY COMPANY LIMITED
14117,"BRAIVEN CO., LTD."
14118,"BRIDGESTONE METALPHA (THAILAND) CO., LTD."
14119,BRINK'S GLOBAL TECHNOLOGY COMPANY LIMITED
14120,BROADCAST THAI-TELEVISION COMPANY LIMITED
14121,BROTHER COMMERCIAL (THAILAND) LIMITED
14122,BROWN BOXES COMPANY LIMITED
14123,"BSCM FOODS CO.,LTD."
24696,BUALUANG SECURITIES PUBLIC COMPANY LIMITED
14124,BUI LIFE INSURANCE PUBLIC COMPANY LIMITED
14125,BUILK ONE GROUP COMPANY LIMITED
14126,BUKALO TRADING COMPANY LIMITED
14127,BUONO (THAILAND) PUBLIC COMPANY LIMITED
26160,BUSINESS EXCELLENT SURVEYORS (THAILAND) COMPANY LIMITED
14128,BUSINESS ONLINE PUBLIC COMPANY LIMITED
14133,C B C (THAILAND) COMPANY LIMITED
14134,C M POS COMPANY LIMITED
14135,C.I.T. PROPERTY CONSULTANTS COMPANY LIMITED
14136,C.L.P ENGINEERING COMPANY LIMITED
14137,C2K IT SERVICES COMPANY LIMITED
14138,"CAR PARTS AND SUPPLIES CO., LTD."
14139,"CAR PARTS NAVI CO., LTD."
14140,CARABAO TAWANDANG COMPANY LIMITED
14141,"CARPE DIEM CO.,LTD."
14142,CATERING LINES COMPANY LIMITED
14143,"CATHAY LEASING CO., LTD."
14144,CCF (Community Children Foundation) Under the Royal Patronage of HRH Princess Maha Chakri Sirindhorn
26072,"CDG System Co.,Ltd"
14145,"CENTRAL WATSON CO., LTD."
14146,"CERAS imply Co.,Ltd."
14147,"CGS INTERNATIONAL SECURITIES (THAILAND) CO., LTD."
14148,CHABA ELEGANCE COMPANY LIMITED
14149,CHADA PROPERTY COMPANY LIMITED
14204,"Chainunt Construction Co,. Ltd."
14150,CHAKANGRAO STARCH COMPANY LIMITED
14151,CHAMNI' SEYE PUBLIC COMPANY LIMITED
14152,"CHAN WANICH CO., LTD."
14153,CHANGPINIT ENGINEERING(2539) COMPANY LIMITED
14205,Chapman Taylor (Thailand) COMPANY LIMITED
26099,"CHAROEN AXSORN HOLDING GROUP CO., LTD"
14154,CHAROENKIT ENTERPRISE COMPANY LIMITED
14155,"CHAROENSIN ASSET CO., LTD"
21278,"CHAROENSIN CAPITAL CO., LTD."
14156,CHARTERWAY INTERNATIONAL COMPANY LIMITED
14157,CHATTHAPORN INSURANCE BROKER COMPANY LIMITED
14158,CHAZ INSURANCE BROKERS LTD.
14159,"CHEME INNOVETION CO., LTD."
14160,"CHEMICAL HOUSE & LAB INSTRUMENT CO., LTD."
14161,CHEMICO INTER CORPORATION COMPANY LIMITED
14206,Chiangrai Provincial Administrative Organization
14162,CHIC REPUBLIC PUBLIC COMPANY LIMITED
14207,Chinakorn Phuttapreecha
14163,CHOK VIWAT PROPERTY COMPANY LIMITED
14164,CHOKCHAI DAIRY FARM COMPANY LIMITED
14165,CHOKCHAIPIBUL COMPANY LIMITED
14166,CHRISTINA GREY GROUP COMPANY LIMITED
14208,Chula Book Center
14167,CITYSOFT INFOTECH COMPANY LIMITED
14168,"CIVIL MASTER CONSTRUCTION CO., LTD."
14169,"CK Boredpile Co., Ltd"
14170,CK POWER PUBLIC COMPANY LIMITED
14171,"CLEAR SILICON (THAILAND) CO., LTD."
14172,"CLEXPERT (THAILAND) CO.,LTD."
14173,CLICK COMMAND COMPANY LIMITED
14174,CLINIXIR COMPANY LIMITED
14175,CLOUD HM COMPANY LIMITED
14176,CLP BUSINESS MANAGEMENT COMPANY LIMITED
14177,"CLUB 21 (THAILAND) CO., LTD."
14178,CMSK COMPANY LIMITED
14179,COCA FOODS INTERNATIONAL COMPANY LIMITED
14180,COCA HOLDING INTERNATIONAL COMPANY LIMITED
14181,"CODEWORK TECH CO., LTD."
14182,CODIUM COMPANY LIMITED
26914,COFFEE WORKS COMPANY LIMITED
14183,"COM7 HOLDING CO., LTD."
14184,COMANCHE INTERNATIONAL PUBLIC COMPANY LIMITED
14185,COMMERZY COMPANY LIMITED
14209,Community Development Department
14186,COMO Metropolitan Bangkok
14187,"COMP TRADING CO., LTD."
14188,COMPLETE AUTO RUBBER MANUFATURING
26049,COMPUTER DATA SYSTEM COMPANY LIMITED
14189,"COMSERVE SIAM CO., LTD."
14190,CONCEPTION COMPANY LIMITED
14210,"Concrete Precision Unique Co.,Ltd."
14191,CONNEX BUSINESS ONLINE COMPANY LIMITED
14192,"CONSCIENCE X CO., LTD."
14193,CPA HOUSE ACCOUNTING COMPANY LIMITED
14194,CREATE PRO (THAILAND) COMPANY LIMITED
14195,CREATUS CORPORATION LIMITED
14196,CRM AND CLOUD CONSULTING COMPANY LIMITED
14197,"CSN RESEARCH CO.,LTD."
14198,CTC GLOBAL (THAILAND) COMPANY LIMITED
14199,"CTI LOGISTICS CO.,LTD."
14200,"CYBER ELITE CO., LTD."
14201,"CYBERSOFT TECHNOLOGY CO., LTD."
14202,CYBERTRACX COMPANY LIMITED
14203,CYBERTRON COMPANY LIMITED
14211,D FARM FOOD RETAIL COMPANY LIMITED
14212,"D O K SKIN CO., LTD."
14213,D. ENTERPRISES COMPANY LIMITED
14214,D.T.C. ENTERPRISE PUBLIC COMPANY LIMITED
14215,"DACHSER (THAILAND) CO., LTD."
14216,DAIICHI SANKYO (THAILAND) COMPANY LIMITED
14217,DAIKO GLOBAL MARKETING COMPANY LIMITED
14218,"DATABAKE CO., LTD."
14219,DATAXET LIMITED
14220,DB LINK COMPANY LIMITED
14221,DBS VICKERS SECURITIES (THAILAND) COMPANY LIMITED
14222,DCSS (THAILAND) COMPANY LIMITED
14223,DEBAC [THAILAND] COMPANY LIMITED
14224,"DECOPLAS INDUSTRY CO., LTD."
14225,DEESTONE CORPORATION PUBLIC COMPANY LIMITED
14226,"DEFT DEV CO., LTD."
14227,"DELSNET ENTERPRISE CO.,LTD."
14228,DELTA PAINT PUBLIC COMPANY LIMITED
14258,Department of Agricultural Extension
14262,Department of disease control
14256,Department Of Education
14259,Department of Fisheries
14257,Department Of Health
14260,Department of Industrial Promotion
14261,Department of Learning Encouragement
14229,DESTINATION PROPERTIES COMPANY LIMITED
14230,DHANARAK ASSETS DEVELOPMENT COMPANY LIMITED
14231,"DHARMSIRIRAT LAW CO.,LTD."
14232,DHURAKIJ PUNDIT UNIVERSITY
14233,DIAMOND BUILDING PRODUCTS PUBLIC COMPANY LIMITED
14234,DIAMOND CITY PRIVATE LIMITED COMPANY
14263,"Diethelm Travel (Myanmar) Co., Ltd."
14235,DIGITAL DOMAIN COMPANY LIMITED
14236,DIGITAL SCI TECHNOLOGY LIMITED PARTNERSHIP
14237,"DIGITAL WEALTH INFINITY CO., LTD."
14238,"DIGITAL WINNING CO., LTD."
14239,"DIGITALMEDIA OUTSOURCE SOLUTION CO.,LTD."
14240,"DINOQ CO., LTD."
14241,"DINSOR CREPTIVE CO., LTD."
14242,"DISTAR INTERNATIONAL CO., LTD."
14243,DIVINE DEVELOPMENT GROUP COMPANY LIMITED
14244,DKSH (THAILAND) LIMITED
14245,DOCTOR A TO Z COMPANY LIMITED
14246,DOHOME PUBLIC COMPANY LIMITED
14247,DONMUANG TOLLWAY COMPANY LIMITED
14248,DOUBLE PINE COMPANY LIMITED
14249,"DOUBLE T ONLINE CO.,LTD."
14250,DOWA METALS & MINING (THAILAND) COMPANY LIMITED
14251,DPLUS INTERTRADE COMPANY LIMITED
14252,DREAM TOY COMPANY LIMITED
14253,DREAMLAND PROPERTY COMPANY LIMITED
26818,DRUG CARE LIMITED
14254,DTH TRAVEL MANAGEMENT LIMITED
26842,"DUCKING CO.,LTD"
14255,DYNAMIC MOTOR (THAILAND) COMPANY LIMITED
14264,E FOR L AIM PUBLIC COMPANY LIMITED
14265,"E MONEY CO.,LTD."
14266,"E-BUSINESS PLUS CO., LTD."
14267,"E-SOUARE ENVIRONMENT & ENGINEERING CO., LTD."
14268,"E.C.T. PROFESSIONAL CO.,LTD."
14269,"EAGLE TECHNOLOGY CO., LTD."
14270,"EASY RICE DIGITAL TECHNOLOGY CO., LTD."
14271,ECONOLODGE COMPANY LIMITED
14272,"EDDU GROUP INTERNATIONAL CO., LTD."
14273,EDISPRO ACTIVE COMPANY LIMITED
14274,ELA (THAILAND) COMPANY LIMITED
14294,Electrical and Electronics Institute
14275,ELEMENT 72 COMPANY LIMITED
14276,EMBRYO PLANET COMPANY LIMITED
14277,"ENERGY ABSOLUTE CORPORATION CO., LTD."
14278,"ENSOLA INTELLIGENT CO., LTD."
14279,"ENSYS CO., LTD."
14280,ENTECH INDUSTRIAL SOLUTION COMPANY LIMITED
14281,"ENTERPRISE COMPUTER SYSTEMS (THAILAND) CO., LTD."
14282,EO LIFEMED COMPANY LIMITED
14283,EPICURE CATERING COMPANY LIMITED
26944,equitable education fund (eef)
14284,"ERAWAN HITECH CO., LTD."
14295,"Erawan Philippines (Ermita), Inc."
14285,"ESCOPOLIS CO., LTD"
14286,EURO P2P DIRECT (THAILAND) COMPANY LIMITED
14296,Euroasia Total Logistics Public Company Limited
14287,EUROTEC NUTRITION INTERNATIONAL COMPANY LIMITED
14288,EVE LIGHTING COMPANY LIMITED
14289,EVENT POP Company Limited.
14290,EWT Joint Venture
14291,EXEO ASIA COMPANY LIMITED
14292,EXION(THAILAND) COMPANY LIMITED
14297,Export-Import Bank of Thailand (EXIM Thailand)
14298,Expressway Authority of Thailand (EXAT)
14293,"EXVENTION CO., LTD."
14324,Faculty of Pharmaceutical Sciences (Ubon Ratchathani University)
14299,"FALRTEX EQULPMENT CO., LTD."
14300,FAVOURITE DESIGN LIMITED PARTNERSHIP
14301,"FCC SERVICES CO., LTD."
24697,FDC MARKETING COMPANY LIMITED
14325,Federation of Accounting Professions
14302,FIBERHOME INTERNATIONAL (THAILAND) COMPANY LIMITED
14303,FILLER VISION PUBLIC COMPANY LIMITED
14326,"Fine Components (Thailand) Co., Ltd."
14304,"FIRST HOUSE CO., LTD."
14305,FIRST TECHNOLOGY COMPANY LIMITED
14306,FLORAL MANUFACTURING GROUP COMPANY LIMITED
14307,"FLOW DIGITAL CO., LTD."
14308,FLOYD PUBLIC COMPANY LIMITED
14309,"FOCUZ MANUFACTURING CO., LTD."
14310,"FONGNOT CO., LTD."
14311,FOOD PROJECT (SIAM) COMPANY LIMITED
14312,"FOOD VILLAGES CO., LTD."
14313,FOODXCITE COMPANY LIMITED
14314,"FOOKTIEN GROUP CO.,LTD."
14315,FORTUNE CROSS (THAILAND) COMPANY LIMITED
24531,FORTUNE PARTS INDUSTRY PUBLIC COMPANY LIMITED
14317,FOUNDATION FOR THE EMPLOYMENT PROMOTION OF THE BLIND
14318,FREEDOM SOLUTION 2024 COMPANY LIMITED
14319,"FREEWAVE TECHNOLOGY CO., LTD."
14320,FROG DIGITAL GROUP COMPANY LIMITED
14321,"FUJI SEAL PACKAGING (THAILAND) CO., LTD."
26060,"FUJIPOLY ( Thailand ) Co., Ltd."
14322,FUJITRANS (THAILAND) COMPANY LIMITED
14327,Fund Insurance
14323,"FURRING LINE QUALITY CO., LTD."
21275,G GRATITUDE COMPANY LIMITED
14328,G GRATITUDE COMPANY LIMITED
14329,"G RAPHIC AS A SERVICE CO., LTD."
14330,"G-TECH&APPLICATION CO., LTD."
14331,G.P.AUTO PARTS COMPANY LIMITED
14332,"GATEAUX HOUSE CO., LTD."
14333,GCAP COMPANY LIMITED
14334,"GEARINC SERVICES (THAILAND) CO., LTD."
14335,"GEN PLAY CO., LTD."
14336,GENE AGNOSTIC COMPANY LIMITED
14337,GENERAL ENGINEERING PUBLIC COMPANY LIMITED
14338,"GENERAL HOSPITAL PRODUCTS CO., LTD."
14339,GENERAL INSURANCE FUND
14340,GENERAL NIPPON CONCRETE INDUSTRIES COMPANY LIMITED
14341,"GENOTEQ CORPORATION CO., LTD."
14342,"GIDEON ONE CO., LTD."
14343,GIGA GAMES COMPANY LIMITED
14344,GK BEAUTY COMPANY LIMITED
14345,GLOBAL ECO-CAN STOCK(THAILAND) COMPANY LIMITED
14346,"GLOBE TECH CO.,LTD."
14347,GLOBLEX SECURITIES COMPANY LIMITED
14348,GLORY FOREVER PUBLIC COMPANY LIMITED
14349,"GLOVE TEX CO., LTD."
14350,GLOW ENERGY PUBLIC COMPANY LIMITED
14351,GMO-Z COM (THAILAND) COMPANY LIMITED
14352,GOODPACK MANUFACTURING COMPANY LIMITED
14353,"GOTEL CO.,LTD."
14354,GP MOTOR (THAILAND) COMPANY LIMITED
14355,GP PARTS & SERVICE COMPANY LIMITED
14356,GRAND COS GROUP COMPANY LIMITED
14357,GREAT CORNER INVENT TECH COMPANY LIMITED
14358,"GREEN INDUSTRY SERVICE CO., LTD."
14364,Greenspot Company Limited
14359,GROHE SIAM LIMITED
14360,"GUALITY CARTOURS CO., LTD."
14361,GUNKUL WIND DEVELOPMENT 1 COMPANY LIMITED
14362,GUTS SUPERPOLS COMPANY LIMITED
24695,GYPMAN TECH COMPANY LIMITED
14363,"GYRO LUCKY CO.,LTD."
14365,HACO GROUP (1991) COMPANY LIMITED
14366,"HAIGH STANDARD INTERNATIONAL COUSL TANT CO.,LTD."
14367,HANKYU HANSHIN EXPRESS(THAILAND) COMPANY LIMITED
14368,HAPPY BAD DOG COMPANY LIMITED
14369,HARDWARE KING COMPANY LIMITED
14370,HARKIRAN COMPANY LIMITED
14371,HAST LOGISTICS COMPANY LIMITED
14390,Hastin School
14391,Health BMA
14372,HEALTH EMPIRE CORPORATION PUBLIC COMPANY LIMITED
14373,"HEALTH SOCIETY CO.,LTD."
14374,HEALTHLAND GROUP COMPANY LIMITED
14375,HENG HENG PICO BANGKOK COMPANY LIMITED
14376,HERITAGE ESTATE COMPANY LIMITED
14377,"HI-TOP TECHNOLOGY CO.,LTD."
14378,HILDING ANDERS (THAILAND) COMPANY LIMITED
14379,HINO MOTORS SALES (THAILAND) LIMITED
14380,HITACHI INDUSTRIAL TECHNOLOGY (THAILAND) LIMITED
14381,HITACHI SUNWAY INFORMATION SYSTEMS (THAILAND) LTD.
14382,HKT AUTO PARTS (THAILAND) COMPANY LIMITED
14392,"Hong Kong Gaokai International Trade Co., Ltd."
14383,"HOTEL MANHATTAN CO., LTD."
14384,HUA SENG HENG COMMODITAS COMPANY LIMITED
14393,Huachiew TCM Clinic
14385,"HUALANJAIROI CO., LTD."
14386,HUGCODE COMPANY LIMITED
14387,HUGS INSURANCE BROKER COMPANY LIMITED
14388,HUMAN CENTRIC COMPANY LIMITED
14389,"HYDROQUIP CO., LTD."
14394,I ASSIST CORPORATION COMPANY LIMITED
14395,"I WORLD CO., LTD."
14396,I-DIN NINTH COMPANY LIMITED
26892,I-DIRECT INSURANCE BROKER COMPANY LIMITED
14397,I-SECURE COMPANY LIMITED
14398,"I-WIZ TECH CO., LTD."
14399,"I.C.P. CHEMICALS CO., LTD."
14400,"I.N.N.RUAM DUAY CHUAY KAN CO., LTD."
14401,I3 GATEWAY COMPANY LIMITED
14402,IBC INDUSTRIAL COMPANY LIMITED
14403,"ICARE HEALTH CO., LTD."
14404,ICBC (THAI) LEASING COMPANY LIMITED
14405,ICHITAN GROUP PUBLIC COMPANY LIMITED
14406,IDP EDUCATION SERVICES COMPANY LIMITED
14407,IETL COMPANY LIMITED
14408,IMAS INNOVATION AND CONSULTING COMPANY LIMITED
14409,IMC 1994 COMPANY LIMITED
14410,"IMMS CO.,LTD."
14411,INDEX CREATIVE VILLAGE PUBLIC COMPANY LIMITED
14412,"INDEX INTERFURN CO.,LTD."
14413,INDEX LIVING MALL PUBLIC COMPANY LIMITED
14414,INDORAMA VENTURES PUBLIC COMPANY LIMITED
14441,Industrial Estateauthority of Thailand Saving and Credit Cooperative Limited
14442,Industrial Foundation Electrical and Electronic Institute
14415,INDY SOFT COMPANY LIMITED
26057,"INFINITE AUTOMOBILE CO., LTD."
14416,INFINITE REAL ESTATE COMPANY LIMITED
14417,"INN CONNEX CO., LTD."
14418,"INNO HOSPITAL CO., LTD."
14419,INNOVATION PLUS COMPANY LIMITED
14420,INNOVATIONS SOLUTIONS AND SERVICE COMPANY LIMITED
14443,Institute for Global Environmental Strategies
14444,Institute for small and Medium Enterprises Development
14421,"INTAGE (THAILAND) CO.,LTD."
14422,"INTERCONNECT COMMUNICATION CO., LTD."
14423,INTERCONNECT SOLUTIONS COMPANY LIMITED
15153,international community school
14445,International Schools Association of Thailand
14424,INTHANON PROPERTY MANAGEMENT SYSTEM COMPANY LIMITED
14425,"INVENTECH SYSTEMS (THAILAND) CO.,LTD."
14427,IPLUS DEVELOPMENT COMPANY LIMITED
14428,IRRADIANCE SOLAR COMPANY LIMITED
14429,IS AM ARE DOTNET COMPANY LIMITED
14430,ISLAMIC BANK ASSET MANAGEMENT COMPANY LIMITED
14431,"ISLAND TECHNOLOTY CO., LTD."
14432,"ISOBAR (THAILAND) CO., LTD."
14436,ISUZU MOTORS ASIA (THAILAND) COMPANY LIMITED
26934,IT Essentials Thailand Limited (Head office)
14433,IT GREEN PUBLIC COMPANY LIMITED
14434,ITALIAN - THAI DEVELOPMENT CORPORATION LTD.
14435,"ITOPPLUS CO.,LTD."
14437,"ITTHIRIT NICE CORPORATION CO., LTD."
14438,"ITTIPHAT (CYBER WILD) CO., LTD."
14439,IWCT COMPANY LIMITED
14440,"IZPAN CORPORATION CO., LTD."
14446,"J S L HOLDING CO., LTD."
14447,J-SOFT DEVELOPMENT COMPANY LIMITED
14448,J. PANEL PLUS COMPANY LIMITED
14449,J.I.B. COMPUTER GROUP COMPANY LIMITED
14450,J.S.VISION LTD.
14451,JAGOTA BROTHERS TRADING COMPANY LIMITED
14452,JAPAN SYSTEM (THAILAND) COMPANY LIMITED
14453,JAROENMITR COMPANY LIMITED
14454,JAS ASSET PUBLIC COMPANY LIMITED
14455,JAYMART INSURANCE PUBLIC COMPANY LIMITED
14456,"JEERATHANA KORSRANG CO.,LTD."
14457,JEWEAL PROSOFT COMPANY LIMITED
14458,JK COSMETIC COMPANY LIMITED
14459,"JL CONTROL CO.,LTD."
14460,JNC NONWOVENS (THAILAND) COMPANY LIMITED
14461,JR F & B COMPANY LIMITED
14462,"JSS SOFTWARE SERVICE (THAI) CO.,LTD."
14463,JSSR AUCTION COMPANY LIMITED.
14464,"JU THAI GROUP CO., LTD."
26088,JUMP AI COMPANY LIMITED
14465,"JURUDATA SERVICES CO.,LTD."
14466,"K P N GREEN ENERGY SOLUTION CO.,LTD."
14467,"K,.R.C.TRANSPORT & SERVICE CO.,LTD."
14468,"K-SOFTWARE CO.,LTD."
26131,K.CHAROEN KARN YANG COCKPIT COMPANY LIMITED
14469,K.M. CHEMICAL CORPORATION LIMITED
14470,"K.PERFORMANCE CO., LTD."
14471,"K.U.NOMURA THAI CO., LTD."
14472,"KALEIDO GROUP CO., LTD."
14473,"KANA INTERACTIVE CO., LTD."
14474,KANDA PROPERTY COMPANY LIMITED
14508,Kanokphon Ninsawat
14475,KANOM CAFE COMPANY LIMITED
14476,"KAO INDUSTRIAL (THAILAND) CO., LTD."
14477,KASEM KIJ COMPANY LIMITED
14478,"KAWIN APPRAISAL CO., LTD."
14479,KENG SENG COMPANY LIMITED
14480,"KERRY SIAM SEAPORT CO.,LTD."
14481,KERRY-APEX(THAILAND) COMPANY LIMITED
14482,KHON KAEN FISHING NET FACTORY COMPANY LIMITED
14509,Khon Kaen University(Nongkhai Campus)
14483,KHONTAMWEB DOT COM COMPANY LIMITED
14510,Khun Akachai
14484,KIANG HUAT SEA GULL TRADING FROZEN FOOD PUBLIC COMPANY LIMITED
14485,KING POWER CLICK COMPANY LIMITED
14486,KING POWER MAHANAKHON COMPANY LIMITED
14487,KING TELECOM PUBLIC COMPANY LIMITED
14488,"KITAGAWA (THAILAND) CO., LTD."
14489,"KITRUNGROENG CONSTRUCTION LTD.,PART."
14490,KM X TEN COMPANY LIMITED
14491,"KNIGHT FRANK CHARTERED (THAILAND) CO., LTD."
26052,"KOBCHOCK SERVICES CO., LTD"
14492,"KOKO GLOBAL HOSPITALITY (THAILAND) CO., LTD."
14493,KOMPASS ACCOUNTING COMPANY LIMITED
14494,KPY DEVELOPMENT COMPANY LIMITED
24539,"Kriangthaiwatana Group Co., Ltd."
14495,KRIENG THAI WATANA GROUP COMPANY LIMITED
14511,Krirk University
14496,"KRIRNG THAVORN CONTAINER CO., LTD."
14497,"KRITTIYA CO., LTD."
14498,KRUNG THAI BANK PUBLIC COMPANY LIMITED
14499,KRUNGTHAI XSPRING SECURITIES COMPANY LIMITED
14500,KT MEDICAL SERVICE PUBLIC COMPANY LIMITED
14501,KTB GENERAL SERVICES AND SECURITY COMPANY LIMITED
14502,KUMWELL CORPORATION PUBLIC COMPANY LIMITED
14503,KURIHARA SYNTECH COMPANY LIMITED
26109,"KURIHARA(THAILAND) CO., LTD."
14504,KURITA-GK CHEMICAL COMPANY LIMITED
14505,KUROTA (THAILAND) COMPANY LIMITED
14506,"KYB (THAILAND) CO., LTD."
14507,KYOUEI COMPANY LIMITED
24698,LAMBRETTA GROUP (THAILAND) COMPANY LIMITED
14512,"LAND AND HOUSES FUND MANAGEMENT CO.,LTD."
14513,LANSIN COMPANY LIMITED
14514,LAZADA LTD.
14515,LE SIAM INTERNETWORK COMPANY LIMITED
14516,"LEARN EDUCATION CO.,LTD."
14524,"Lee machine tools Co., Ltd."
14525,Legal Execution Department
14517,LEKISE LIGHTING LTD.
14518,LENSO WHEEL COMPANY LIMITED
14519,"LIEBHERR (THAILAND) CO., LTD."
14520,LIVE A CAR SERVICE COMPANY LIMITED
14521,"LIVING JOY CO., LTD."
14522,LME COMPANY LIMITED
14523,LOTUS TECHNOLOGY COMPANY LIMITED
14526,M M N SYNDICATE OFFICE COMPANY LIMITED
26068,"M TOUCHE (THAILAND) CO.,LTD."
14527,M.C.S.STEEL PUBLIC COMPANY LIMITED
14528,"M.E.C. ENGINEERING CO., LTD."
25200,M.K. REAL ESTATE DEVELOPMENT PUBLIC COMPANY LIMITED
14529,"M.T.R.ASSET MANAGERS CO., LTD."
14530,M.WATER COMPANY LIMITED
14531,"MADEENAH FARM MARKETING CO., LTD."
14584,Mae Fah Luang Foundation Under Royal Patronage
14582,Mae Fah Luang Foundation Under Royal Patronage (Doitung)
14583,Mae Fah Luang Foundation Under Royal Patronage (SAP)
14532,"MAGURO GROUP CO.,LTD."
14533,"MAHA PORN NAKORN CO., LTD."
14534,MAJOR CENEPLEX GROUP PUBLIC COMPANY LIMITED
14585,Major Development Estate COMPANY LIMITED
14536,MAJOR DEVELOPMENT PUBLIC COMPANY LIMITED
14535,MANA DEVELOPMENT COMPANY LIMITED
14537,"MANEE MONGKOL IMPORT - EXPORT CO., LTD."
22830,"MANGO CONSULTANT CO.,LTD."
14538,MANO YONT CHAI COMPANY LIMITED
14586,Manop
26832,MAPSDESIGN STUDIO BKK COMPANY LIMITED
14539,MAR SUN PUBLIC COMPANY LIMITED
14540,"MARINER THAI TRAINING CENTER CO.,LTD."
14541,MARKET CONNECTIONS ASIA COMPANY LIMITED
14587,"Marui Real Estate Co., Ltd."
14542,MARUKA MACHINERY (THAILAND) COMPANY LIMITED
14543,"MASSTEC LINK CO.,LTD."
14544,MASTER STYLE PUBLIC COMPANY LIMITED
14545,MATRIX CONSULTANT COMPANY LIMITED
14546,"MATSUDAIRA HEALTHCARE GROUP CO., LTD."
14547,MAXXIS INTERNATIONAL (THAILAND) COMPANY LIMITED
14548,MBK LIFE ASSURANCE
14549,MBK PUBLIC COMPANY LIMITED
14550,MC GROUP PUBLIC COMPANY LIMITED
14551,MCOT PUBLIC COMPANY LIMITED
14552,"MECT HOLDING CO., LTD."
14553,MEDICA SOLUTION (THAILAND) COMPANY LIMITED
14554,MEDICAL RESEARCH NETWORK FOR SOCIAL COMPANY LIMITED
14555,"MEGA CANVAS CO., LTD."
14556,"MEIKO TRANS (THAILAND) CO., LTD."
14557,MEKONG INSTITUTE
14558,MELLOW INNOVATION COMPANY LIMITED
14559,"METROPOLITAN WATER AND SERVICES CO., LTD."
14560,MICRO LEASING
14561,"MICRO PLUS LEASING CO., LTD."
14562,"MIKI SIAMESE INTERNATIONAL CO., LTD."
14563,MIND SOLUTION AND SERVICE COMPANY LIMITED
14588,Ministry of Finance
14564,"MIRACLE INTERTRADE CO.,LTD."
14565,"MITR KASETR INDUSTRY CO., LTD."
14566,"MITSUBISHI ELECTRIC KANG YONG WATANA CO., LTD."
14567,MMM CAPITAL PUBLIC COMPANY LIMITED
14568,MODERN CASS INTERNATIONAL COSMETICS COMPANY LIMITED
14569,MODERN FORM GROUP PUBLIC COMPANY LIMITED
14570,MODERN TAGE COMPANY LIMITED
14571,MONTRI TRANSPORT CORPORATION PUBLIC COMPANY LIMITED
14572,MOSHI MOSHI RETAIL CORPORATION PUBLIC COMPANY LIMITED
14573,MOTIF TECHNOLOGY PUBLIC COMPANY LIMITED
14574,"MOTOVARIO AND SPAGGIARI GEARMOTOR CO.,LTD."
14575,MRT ADVISORY COMPANY LIMITED
14576,"MUANG SA-AAD CO., LTD."
14577,MULLIKA INTER FOOD COMPANY LIMITED
14578,MULTILINK CORPORATION LTD.
14579,MURAKAMI AMPAS (THAILAND) COMPANY LIMITED
26767,Museum of Ð¡ontemporary Art (MOCA)
14589,"Myanmar Information Highway Co., Ltd."
14580,"MYCHA CO., LTD."
14581,MYHR COMPANY LIMITED
14590,N.A.C. TRADING COMPANY LIMITED
14591,NA CALTECHNOLOGIES COMPANY LIMITED
14646,Nadao Bangkok Company Limited
14647,Naewna Newspaper
14592,NAGASE (THAILAND) COMPANY LIMITED
14593,NAKORN PLUS CONSTRUCTION COMPANY LIMITED
18135,NAMYONG TERMINAL PUBLIC COMPANY LIMITED
14594,"NANGRONG GAS LTD.,PART."
14595,NANMEBOOKS COMPANY LIMITED
14596,"NANO SMART SOLUTION CO., LTD."
14597,NANO TECHNOLOGY COMPANY LIMITED
14598,NAP BIOTEC COMPANY LIMITED
14648,Narinukun School
14599,NATHALIN COMPANY LIMITED
26111,National Cyber Security Agency
14600,NATIONAL ITMX COMPANY LIMITED
14601,NATIONAL POWER PLANT 5 A COMPANY LIMITED
26019,National Statistical Office
14602,NATIONAL TELECOM PUBLIC COMPANY LIMITED
14603,"NATURAL ENERGY TECH CO., LTD."
14604,NAVA NAKORN PUBLIC COMPANY LIMITED
14605,NC MACHINERY COMPANY LIMITED
14606,NEC CORPORATION (THAILAND) LTD.
14607,NEO CORPORATE PUBLIC COMPANY LIMITED
14608,NEP REALTY AND INDUSTRY PUBLIC COMPANY LIMITED
14609,NESIC (Thailand) Ltd.
14610,NESTIFLY COMPANY LIMITED
14611,"NET-COM PROFESSIONAL CO., LTD."
14612,NETBAY PUBLIC COMPANY LIMITED
14613,NETCONSULT COMPANY LIMITED
14614,NETMARKS (THAILAND) COMPANY LIMITED
14615,"NETSYS & COMPUTER CO., LTD."
14616,NEW STAR FROZEN FOODS(THAILAND) COMPANY LIMITED
14617,NEX POINT PUBLIC COMPANY LIMITED
14618,"NEXATECH CO., LTD."
14619,NEXTGENIT COMPANY LIMITED
14620,"NGOW HOCK CO., LTD."
14621,NHK SPRING (THAILAND) COMPANY LIMITED
14622,NICE CALL PUBLIC COMPANY LIMITED
14623,"NICHE-EST SOLUTION (THAILAND) CO., LTD."
14624,"NIDEC TECHNO MOTOR (THAILAND) CO., LTD."
14625,NIKKA RUBBER&PLASTIC (THAILAND) COMPANY LIMITED
14626,"NIKKISO MEDICAL (THAILAND) CO., LTD."
14627,NIPPON EXPRESS NEC LOGISTICS [THAILAND] COMPANY LIMITED
14628,NIRVANA DEVELOPMENT PUBLIC COMPANY LIMITED
14629,NISHIO RENT ALL (THAILAND) COMPANY LIMITED
14630,NITAS TESSILE COMPANY LIMITED
14631,NL DEVELOPMENT PUBLIC COMPANY LIMITED
14632,NOPPADOL S GROUP COMPANY LIMITED
14633,NORTH STAR INTER TECH COMPANY LIMITED
14634,"NORTHERN FOOD COMPLEX CO., LTD."
14635,NORTHLAND DEVELOPMENT COMPANY LIMITED
14636,"NOTUS IT SOLUTION CO., LTD."
14637,NOVA ORGANIC PUBLIC COMPANY LIMITED
14649,"Novation Co., Ltd"
14638,"NPB DIGITAL CO., LTD."
14639,"NPS INDUSTRIAL SERVICE CO., LTD."
14640,"NSL BAKE A WISH CO., LTD."
14641,"NSL Foods Public Co., Ltd."
14642,NST COIL CENTER (THAILAND) COMPANY LIMITED
14643,NU SKIN PERSONAL CARE (THAILAND) LTD.
14644,NUTRITION PROFESS COMPANY LIMITED
14645,NYK BUSINESS SYSTEMS (THAILAND) COMPANY LIMITED
14650,O C C PUBLIC COMPANY LIMITED
14651,OCEAN GLASS PUBLIC COMPANY LIMITED
14652,OCEAN LIFE INSURANCE PUBLIC COMPANY LIMITED
14663,Office for National Education Standards and Quality Assessment (Public Organization)
14653,OFFICE KEEPER COMPANY LIMITED
14664,Office of Atoms for Peace
14665,"Office of Contemporary Art and Culture, Ministry of Culture"
14666,Office of Insurance Commission (OIC)
26135,Office of Natural Resources and Environment Policy and Planning
14667,Office of Natural Resources and Environmental Policy and Planning
14654,OFFICEMATE (THAI) LIMITED
14655,OLIVIA LIVING COMPANY LIMITED
14656,"ONE TWO SERVICES CO., LTD."
14657,ONEDEE SOLUTION COMPANY LIMITED
14668,Online Customers
14658,OPSTA (THAILAND) COMPANY LIMITED
14659,"OPTIMAL TECH CO., LTD."
21281,OPTIMIZED SOLOTION COMPANY LIMITED
14660,OPTIMIZED SOLOTION COMPANY LIMITED
14661,OSHINEI ENTERPRISE COMPANY LIMITED
14662,"OSS 3O CO., LTD."
14669,P C L HOLDING PUBLIC COMPANY LIMITED
14670,P P & P HOLDING COMPANY LIMITED
14671,"P QUALITY MACHINE PARTS CO., LTD."
14672,"P.C.T.LABORATORY SERVICE CO., LTD."
14673,P.F.P. TRADING COMPANY LIMITED
14674,P.N.V.INNOTECH COMPANY LIMITED
14675,"P.S. SOLUTIONS AND CONSULTING CO.,LTD."
14676,PACMET AEROSPACE COMPANY LIMITED
14677,"PACRIM LEADERSHIP CENTER CO., LTD."
14678,"PANUS ELECTRIC CO.,LTD."
14679,PAP GAS ONE COMPANY LIMITED
14680,PATANA INTERCOOL COMPANY LIMITED
14681,"PATCO LAND CO., LTD."
14682,"PATTAYA AI TERMINAL CO., LTD."
14683,PCL HOSPITALITY COMPANY LIMITED
14684,"PEABERRY THAI CO., LTD."
14685,PEACE & LIVEVING PUBLIC COMPANY LIMITED
14686,PEARL SEA TRAVEL COMPANY LIMITED
14687,PENA HOUSE PUBLIC COMPANY LIMITED
14688,"PETCHEM SUPPLY CO., LTD."
14689,PHELPS DODGE INTERNATIONAL (THAILAND) LIMITED
14691,PHILLIP SECURITIES (THAILAND) PUBLIC COMPANY LIMITED
14690,PHOL DHANYA PUBLIC COMPANY LIMITED
14692,"PHRAE ENGINEERING CO., LTD."
14741,Phranakhon Rajabhat University
14693,PHUKET VILLA CORPORATION COMPANY LIMITED
14694,PHUKET VILLA HOTEL COMPANY LIMITED
14742,Phyathai Paolo Hospital Group
14695,PI SECURITIES PUBLIC COMPANY LIMITED
14696,"PIDO INTERNATIONAL CO., LTD."
14697,PILLIP LIFE ASSURANCE PUBLIC COMPANY LIMITED
14698,PIPATKORN COMPANY LIMITED
14699,"PJ GROUP HOLDING CO., LTD."
14700,PKF HOLDINGS (THAILAND) COMPANY LIMITED
14701,PLAN B ELEVEN COMPANY LIMITED
14702,PLAN B MEDIA PUBLIC COMPANY LIMITED
14703,PLANET T AND S COMPANY LIMITED
14704,"PLANETCLOUD CO., LTD."
14743,Playing Cards Factory
14705,PLUK PHAK PRAW RAK MAE PUBLIC COMPANY LIMITED
14706,PM (PRAWET) COMPANY LIMITED
14707,PM GROUP LTD.
14708,PNS CREATION LIMITED PARTNERSHIP
14709,"POCKET ROCKET CO., LTD."
14744,Police Hospital
14710,POWERTECH ENGINE ASSEMBLY COMPANY LIMITED
14711,"PPP IT SOLUTION CO., LTD."
14712,PPSD CONSTRUCTION COMPANY LIMITED
14745,Prachapat Hospital (IMH Thonburi Hospital)
14713,"PRAPHASSORN PROPERTY CO.,LTD."
14714,PRARAM 9 HOSPITAL PUBLIC COMPANY LIMITED
14715,"PRARAM3 ALL SOFTWARE SYSTEM CO., LTD."
14716,PRE-BUILT PUBLIC COMPANY LIMITED
14717,PREMIUM ENERGY CORPORATION COMPANY LIMITED
14718,"PREMIUM GOLD YAOWARAT CO., LTD."
14719,PRESIDENT BAKERY PUBLIC COMPANY LIMITED
14746,"Preyakij Co., Ltd,"
14720,PRG CORPORATION PUBLIC COMPANY LIMITED
14721,PRIME FACTOR CONSULTING COMPANY LIMITED
14722,PRIME ROAD POWER PUBLIC COMPANY LIMITED
14723,PRIME SOLUTION AND SERVICES COMPANY LIMITED
14724,"PRIME X CO., LTD."
14725,"PRIMUS AUTOHAUS PATTAYA CO., LTD."
21279,"Prince of Songkla University, Surat Thani Campus."
14726,PRIZE OF WOOD GREEN ENERGY COMPANY LIMITED
14727,PRO INSIDE COMPANY LIMITED
14729,PRO INSIDE PUBLIC COMPANY LIMITED
26742,"PRO WORK RETAIL CO.,LTD"
14728,PROFESSIONAL COMPUTER COMPANY LIMITED
14730,PROGRESS SERVICE & REPAIRS LIMITED PARTNERSHIP
14731,"PROSPER ENGINEERING CO., LTD."
14732,PROTOLLCALL ADVANCED SERVICES COMPANY LIMITED
14733,"PROUD HOSPITALITY CO., LTD."
14734,PROUD REAL ESTATE PUBLIC COMPANY LIMITED
14747,"Proximity Designs Co., Ltd."
14748,"Proximity Finance Microfinance Co., Ltd."
14735,PRTR GROUP PUBLIC COMPANY LIMITED
14736,"PS ELECTRIC AND CONSTRUCTION CO., LTD."
14737,PS ENGINEERING CONSULTANTS COMPANY LIMITED
14738,PSD CONSTRUCTION 2011 COMPANY LIMITED
14739,PTT GLOBAL CHEMICAL PUBLIC COMPANY LIMITED
14740,PUMPKIN CORPORATION COMPANY LIMITED
14749,"QR TECH CO., LTD."
14750,"QUALITY PLUS BIOMEDTECH CO., LTD."
14751,R T B TECHNOLOGY COMPANY LIMITED
14752,R V CONNEX COMPANY LIMITED
14753,RABBIT LIFE INSURANCE PUBLIC COMPANY LIMITED
14754,RACER ELECTRIC (THAILAND) COMPANY LIMITED
14755,RAINBOW SIX COMPANY LIMITED
14784,Rainbow Sky Association of Thailand (RSAT)
14785,Rajamangala University of Technology Isan Nakhon Ratchasima
14786,Rajdumnern Contemporary Art Center
14756,"RAKBANKERD CO., LTD."
18136,"RAMBUTTRI RUNGRUANG CO., LTD"
14757,RAMING TEA COMPANY LIMITED
14758,RAPBIZZ DIRECT COMPANY LIMITED
14759,"RASA TOWER CO., LTD."
14760,RATCH PATHANA ENERGY PUBLIC COMPANY LIMITED
14761,"RATIONAL CONSULTING CO.,LTD."
14763,"RAX INTERDIAQNOSTIC CO., LTD."
14762,RAYONG CIVIL ENGINEERING COMPANY LIMITED
14787,Rayongwittayakom School
14764,RCD DESIGNCENTER COMPANY LIMITED
14788,Real Estate Information Center / Government Housing Bank
14765,REAL INSURANCE BROKER COMPANY LIMITED
14766,REBACK SYSTEM COMPANY LIMITED
14767,REDD SPACE MANAGEMENT LIMITED
14789,Regents International School
14768,RENAZZO MOTOR COMPANY LIMITED
14769,"RENO (THAILAND) CO., LTD."
24537,"REVER AUTOMOTIVE CO., LTD."
14770,"REVER LEASING CO., LTD."
14771,"RFS CO.,LTD."
14772,RHB SECURITIES (THAILAND) PUBLIC COMPANY LIMITED
14773,RHOM BHO PROPERTY PUBLIC COMPANY LIMITED
14774,RIANTHAI INTERPLAS COMPANY LIMITED
14775,RICH & T COMPANY LIMITED
14776,RICH SPORT PUBLIC COMPANY LIMITED
14777,"RICOH (THAILAND) CO., LTD."
14778,"RIVERPRO PULP & PAPER CO.,LTD."
14779,"ROCKET8 CO., LTD."
14780,ROOJAI COMPANY LIMITED
14790,Royal Forest Department
14781,"ROYAL PARK VIEW HOTEL CO., LTD."
14782,ROYAL PORCELAIN PUBLIC COMPANY LIMITED
14791,Royal Thai Air Force - GPU Project
14783,"ROYALTEC INTERNATIONAL CO., LTD."
14792,S 11 GROUP PUBLIC COMPANY LIMITED
14793,"S C G (THAILAND) CO., LTD."
14794,S K INTER FOOD COMPANY LIMITED
14795,"S LEASING CO., LTD."
14796,"S P C SOFT CO.,LTD."
14797,S. C. RUBBER COMPANY LIMITED
14798,"S.A.S.INTERCONNECT CO.,LTD."
14799,S.B.C. SOFTWARE COMPUTER
14800,S.B.P. TIMBER GROUP COMPANY LIMITED
14801,"S.C. ARTISTRY CO., LTD."
14802,"S.C.G. INDUSTRY CO., LTD."
14803,S.J.C.CONCREST COMPANY LIMITED
14804,S.K. AUTO PAINT COMPANY LIMITED
14805,S.KHEMARAT JAPAN FOOD COMPANY LIMITED
14806,"S.KHEMRAT INDUSTRY CO., LTD."
14807,S.M.ENGINEER COMPANY LIMITED
14808,"S.P.P.CONCEPT ACCOUNTING CO.,LTD."
14809,"S.S. MANUFACTORING CO., LTD."
14810,S.S.FILM PROCESS LIMITED PARTNERSHIP
14811,SABINA PUBLIC COMPANY LIMITED
14812,"SABUY LEASING CO., LTD."
14813,SAHA CRANE AUCTION COMPANY LIMITED
14814,SAHA LAWSON COMPANY LIMITED
14815,"SAHA PLUM CO., LTD."
14816,"SAHACHAIKIJKARNPIM CO., LTD."
14817,SAHAVIRIYA STEEL INDUSTRIES PUBLIC COMPANY LIMITED
14818,SAILOM BUSINESS Company Limited
14819,"SAILUM TRANSPORT CO., LTD."
14820,SALADAENG COMPANY LIMITED
14821,SALLMAMMS (FAR EAST) LIMITED
14822,"SAMPS ICON (THAILAND) CO., LTD."
14823,SANGFAH CONSTRUCTION COMPANY LIMITED
14824,"SAPCON ENGINEERING CO., LTD."
14949,Satit Prasarnmit International Programme
14825,SAUNA ITALIA (THAILAND) COMPANY LIMITED
14826,SAWATUDOM ENGINEERING (RAYONG) COMPANY LIMITED
14827,SB (THAILAND) COMPANY LIMITED
14828,SC INVENTION TECHNOLOGY COMPANY LIMITED
14829,"SC SOLUTIONS CONTROL CO., LTD."
14830,SCG ROOFING
14831,SEA HORSE MARITIME COMPANY LIMITED
14832,SEACON COMPANY LIMITED
14833,SEEN DIGITAL COMPANY LIMITED
14834,SENKO ADVANCED COMPONENTS (THAILAND) COMPANY LIMITED
14835,SEVEN WIRE COMPANY LIMITED
14836,"SEXY SOLAR CO., LTD."
14837,SHARICH HOLDING COMPANY LIMITED
14950,Sheraton Huahin Hotel
14838,SHERWOOD CORPORATION (THAILAND) PUBLIC COMPANY LIMITED
14839,"SHINDENGEN (THAILAND) CO., LTD."
14840,SHONICHI COMPANY LIMITED
14841,"SHOWA ELECTRIC (THAILAND) CO., LTD."
14842,"SHOWA KOSAN (THAILAND) CO., LTD."
14843,"SIAM A PLUS SERVICES CO., LTD."
14844,"SIAM AT SIAM CO.,LTD."
14845,SIAM BUSINESSFILM LIMITED PARTNERSHIP
14846,SIAM CALSONIC COMPANY LIMITED
14847,"SIAM CITY INSURANCE CO., LTD."
14848,"SIAM CONSULTANT & BROKERS CO., LTD."
26856,"SIAM DENKI ENGINEERING CO.,LTD."
14849,"SIAM DENSO MANUFACTURING CO., LTD."
14850,"SIAM GLOBAL GROUP CO.,LTD."
14851,"SIAM GOSHI MANUFACTURING CO., LTD."
14852,SIAM K SAHAKHONSONG LIMITED PARTNERSHIP
14853,"SIAM KUBOTA CORPORATION CO.,LTD."
14854,"SIAM METRICS TECHNOLOGY CO., LTD."
14855,SIAM MODIFIED STARCH COMPANY LIMITED
14856,SIAM MOTER COMPANY LIMITED
14857,SIAM MOTORS LOGISTICS COMPANY LIMITED
14858,SIAM MOTORS PARTS COMPANY LIMITED
14859,SIAM NISSAN BODY COMPANY LIMITED
14860,"SIAM NISSAN SALES CO.,LTD."
14861,SIAM POWER COMPANY LIMITED
14862,SIAM PRE-BUILT COMPANY LIMITED
14863,SIAM PREMIER INTERNATIONL LAW OFFICE LIMITED
14864,SIAM QUALITY WORK COMPANY LIMITED
14865,SIAM RIKEN INDUSTRIAL COMPANY LIMITED
14866,SIAM SAISON COMPANY LIMITED
14867,SIAM STEEL GARTINGS COMPANY LIMITED
14868,"SIAM STONE ARCHITECT CO., LTD."
14869,SIAM SYNDICATE TECHNOLOGY PUBLIC COMPANY LIMITED
14870,SIAM T.M.C MANUFACTURING COMPANY LIMITED
14871,SIAM TAKUMA COMPANY LIMITED
14872,"SIAM TELECOM ACCES CO., LTD."
14873,"SIAM TOBACCO EXPORT CORPORATION CO., LTD."
14875,"SIAMESE ASSET CO.,LTD."
14874,"SIAMESE ASSET CO.,LTD. PUBLIC COMPANY LIMITED"
14876,"SIAMESE INTERCOM CO.,LTD."
14877,SIAMGAS AND PETROCHEMICALS PUBLIC COMPANY LIMITED
14878,"SIAMPRESS CO., LTD."
14879,SIMILAN TECHNOLOGY COMPANY LIMITED
15152,"Sing Sanguan & Sons Co., Ltd."
14880,SINGHA ESTATE PUBLIC COMPANY LIMITED
14881,SINGULARITY SOLUTION COMPANY LIMITED
14882,"SINHUA HOCK KEE TRADING (THAILAND) CO., LTD."
14883,SINO LOGISTICS CORPORATION PUBLIC COMPANY LIMITED
14884,SINO-THAI ENGINEERING & CONSTRUCTION PUBLIC COMPANY LIMITED
14885,SINSAP PAYUK COMPANY LIMITED
14886,SIPPER NETWORK COMMUNICATIONS COMPANY LIMITED
14887,SIRAROM PROPERTY COMPANY LIMITED
14888,SIRI PRO COMPANY LIMITED
14889,SIRIBUNCHA COMPANY LIMITED
14890,SIRISHIN PLUS COMPANY LIMITED
14891,SITRON POWER PUBLIC COMPANY LIMITED
14892,"SIXNATURE NETWORK CO., LTD."
14893,SK PLUS SERVICE COMPANY LIMITED
14894,SKGROUP (THAILAND) COMPANY LIMITED
14895,SKY FUSION TECHNOLOGY COMPANY LIMITED
14896,SKY LIGHTING INDUSTRY COMPANY LIMITED
14897,"SKY OS CO., LTD."
14898,SMART INNOVATION COMPANY LIMITED
14899,"SMART LIFE TECHNOLOGY CO., LTD."
14900,SMART TELEBIZ COMPANY LIMITED
14901,SMARTFINN SOLUTIONS COMPANY LIMITED
24699,SMC (THAILAND) COMPANY LIMITED
14902,"SMCSIAM CORPORATION CO., LTD."
14903,SMILE XD COMPANY LIMITED
14904,SNP FOOD KANCHANABURI COMPANY LIMITED
14905,"SO SECURITY SYSTEM CO.,LTD."
14907,"SO-AT SOLUTION CO., LTD."
14906,"SOCKET 9 CO.,LTD."
26113,"Soft powerit co.,ltd"
14908,SOFTLIFE ERP COMPANY LIMITED
14909,"SOFTTECH MEDCARE CO., LTD."
14910,"SOJITZ AUTOMOTIVE GROUP (THAILAND) CO., LTD."
14911,SOLAR ENERGY SOCIETY COMPANY LIMITED
14912,SOLUTION TECH COMPANY LIMITED
14913,SOMBOON ADVANCE TECHNOLOGY PUBLIC COMPANY LIMITED
14914,SOMPO JAPAN NIPPONKOA INSURANCE (THAILAND) PUBLIC COMPANY LIMITED
14915,"SOUTH EAST ASIA INTERNATIONAL CO.,LTD."
14916,SRA MANAGEMENT COMPANY LIMITED
14917,"SRISAWAD CAPITAL CO., LTD."
14951,"Srisawad Capital Leasing Co., Ltd."
14952,Srisawad Vietnam LLC
14918,"SRISENA GROUP CO., LTD."
14919,SRP INTERNETWORK LIMITED PARTNERSHIP
14920,ST ASSET COMPANY LIMITED
14921,STAR MARK MANUFACTURING COMPANY LIMITED
14922,STARK CORPORATION PUBLIC COMPANY LIMITED
14923,STARS MICROELECTRONICS (THAILAND) PUBLIC COMPANY LIMITED
14924,"STEP INNOVATION CO., LTD."
14925,"STERN (THAILAND) CO.,LTD."
14926,STESSA INSURANCE BROKER COMPANY LIMITED
14927,"STRR ENGINEERTING CO.,LTD."
14928,STS CORPORATION COMPANY LIMITED
14953,Student Loan
14929,SUB SRI THAI PUBLIC COMPANY LIMITED
14930,"SUCCESS MAX CO., LTD."
14931,SUCCESSMORE BEING PUBLIC COMPANY LIMITED
14932,"SUKISHI INTERGROUP CO.,LTD."
14933,SUMITOMO MITSUI AUTO LEASING & SERVICE (THAILAND) COMPANY LIMITED
26007,"SUMMIT ELECTRONIC COMPONENTS CO., LTD."
14934,"SUMMITGRADE LTD., PART."
26927,"sun services co., ltd"
14935,SUN VENDING TECHNOLOGY PUBLIC COMPANY LIMITED
14936,SUN-WA TECHNOS ASIA (THAILAND) COMPANY LIMITED
14937,SUPER ENERGY CORPORATION PUBLIC COMPANY LIMITED
14938,"SUPERDRUG CARE CO., LTD."
14939,"SUPHAMITR STORE CO., LTD."
14940,SUPREME DISTRIBUTION
14941,SUSHI SEKI COMPANY LIMITED
14942,"SWITCH UNIVERSAL CO., LTD."
14943,SYNERGY COMMODITIES TRADE COMPANY LIMITED
14944,"SYNERGY LIFE CO., LTD."
14945,SYNERGY TECHNOLOGY COMPANY LIMITED
14946,SYNNEX (THAILAND) PUBLIC COMPANY LIMITED
14947,SYSLINK TECHNOLOGY COMPANY LIMITED
14948,SYSTEM PRIME COMPANY LIMITED
14954,T & T OPENING COMPANY LIMITED
14955,T 2 U COMPANY LIMITED
14957,T Q M INSURANCE BROKER COMPANY LIMITED
14956,T R C CONSTRUCTION PUBLIC COMPANY LIMITED
14958,"T.CREATOR GROUP CO., LTD."
14959,"T.I.S SHIPPING AGENCY (THAILAND) CO., LTD."
14960,"T.M.C.INDUSTRIAL CO.,LTD."
14961,T.M.I.DRILL & CONSTRUCTION COMPANY LIMITED
14962,T.R.V. RUBBER PRODUCTS PUBLIC COMPANY LIMITED
14963,T.R.Y.ENTERPRISE COMPANY LIMITED
14964,T.T.S. ENGINEERING (2004) COMPANY LIMITED
14965,TAC SAVING COOPERATIVE LIMITED
14966,TAM HITECH SERVICE COMPANY LIMITED
24700,TAM INTERNET COMPANY LIMITED
14967,TARATHIP COMPANY LIMITED
14968,TASCO INTERNATIONAL COMPANY LIMITED
14969,"TAT ENERGY & ENGINEERING CO., LTD."
14970,TAWAN PRODUCE COMPANY LIMITED
14971,TCONSIAM COMPANY LIMITED
14973,TEAM CONSULTING ENGINEERING AND MANAGEMENT PUBLIC COMPANY LIMITED
14972,"TECH AUTO SOL CO., LTD."
14974,"TECH BASECAMP CO., LTD."
15066,Technology Promotion Association (Thailand-Japan)
14975,TECHSAUCE MEDIA COMPANY LIMITED
14976,"TEERAVATSURIN CONSTRUCTION CO., LTD."
14978,"TELEVICE IT CO., LTD."
14977,"TERAL THAI CO., LTD."
14979,TERRABIT COMPANY LIMITED
14980,"TERRACO INDUSTRY (THAILADN) CO., LTD."
14981,"TESCO ENGINEERS CO., LTD."
14982,"TEXCHEM-PACK (THAILAND) CO.,LTD."
24701,"THAI AGRO EXCHANGE CO., LTD."
15067,Thai Airway International Saving
14983,"THAI ART MUSEUM CO.,LTD."
14984,THAI BEVERAGE PUBLIC COMPANY LIMITED
14985,THAI CENTRAL CHEMICAL PUBLIC COMPANY LIMITED
14986,THAI CREDIT BANK PUBLIC COMPANY LIMITED
14987,"THAI DELICA CO., LTD."
14989,THAI FOOD RESEARCH CENTER COMPANY LIMITED
24530,Thai Institute of Directors (IOD)
14988,"THAI INSURANCE RESEARCH AND DEVELOPMENT CO., LTD."
14990,THAI INTERNATIONAL RENT A CAR COMPANY LIMITED
14991,THAI KAMEDA COMPANY LIMITED
14992,"THAI MARINE PROTECTION CO.,LTD."
14993,THAI NAKARIN HOSPITAL PUBLIC COMPANY LIMITED
14994,THAI NISSHIN SEIFUN COMPANY LIMITED
14995,THAI NONDESTRUCTIVE TESTING PUBLIC COMPANY LIMITED
14996,"THAI OKAWA CO.,LTD."
18137,THAI PARKERIZING COMPANY LIMITED
14997,"THAI POLYACETAL CO., LTD."
14998,THAI POLYCONS PUBLIC COMPANY LIMITED
26105,Thai Red Cross AIDS and Infectious Diseases Research Centre
14999,"THAI RUNG UNION CAR CO., LTD."
15000,THAI RUNG UNION CAR PUBLIC COMPANY LIMITED
26020,"THAI SUMMIT PK CORPORATION CO.,LTD."
15001,"THAI TAKASAGO CO.,LTD."
15002,"THAI TOKO ENGINEERING CO., LTD."
15003,THAI UNITED PLASTIC INDUSTRY COMPANY LIMITED
15004,THAI WIRE PRODUCTS PUBLIC COMPANY LIMITED
15005,THAIFOODS GROUP PUBLIC COMPANY LIMITED
15068,Thailand Institute of Justice (Public Organization)
15069,Thailand Institute of Scientific and Technological Research
15006,THAILANDPOST DISTRIBUTION COMPANY LIMITED
15007,"THAIMEKKI CO., LTD"
15070,Thainakornpaint and chemical Company Limited
15008,THAIPHANID V D O COMPANY LIMITED
15009,THAIPHASUK ENERGY COMPANY LIMITED
15010,THAIPLASTIC RECYCLE GROUP COMPANY LIMITED
15011,THAN LOK COMPANY LIMITED
15013,"THANIYA RETAIL CO., LTD."
15012,THE ARCHITECTS & TURN KEY LTD.
15014,THE COOL COMPANY LIMITED
15015,THE DEVES INSURANCE PUBLIC COMPANY LIMITED
15016,THE EXISTING COMPANY LIMITED
21280,"THE FIVE TECHNOLOGY CO., LTD."
15017,"THE FIVE TECHNOLOGY CO., LTD."
15018,THE KRUNG THEP THANAKOM COMPANY LIMITED
15019,THE LINK COMPANY LIMITED
15020,THE NAVAKIJ INSURANCE PUBLIC COMPANY LIMITED
15071,The Office of SMEs Promotion
15021,"THE OLDTOWN HERITAGE CO., LTD."
15022,THE ONE ENTERPRISE PUBLIC COMPANY LIMITED
15023,THE ONE LOGISTICS COMPANY LIMITED
15072,The Pharmacy Council of Thailand
15024,THE PHYA THAI II HOSPITAL COMPANY LIMITED
15025,THE PRODIGY GROUP COMPANY LIMITED
15073,The Revenue Department
15026,THE SIAM INDUSTRIAL WIRE COMPANY LIMITED
26848,"THE VALUATION & CONSULTANTS CO., LTD."
15027,THE VIRIYAH INSURANCE PUBLIC COMPANY LIMITED
15074,Thima Design (Project : JP Skin)
15028,THINK SQUARED COMPANY LIMITED
15029,THINKING 2 REVOLUTION COMPANY LIMITED
15030,THIPPIROM PROPERTY COMPANY LIMITED
15031,THONBURI HEALTHCARE GROUP PUBLIC COMPANY LIMITED
15032,"THONGCHAI INDUSTRYIES CO., LTD."
15033,THR COOL GROUP COMPANY LIMITED
15034,THREESIXTY SUPPLY CHAIN COMPANY LIMITED
15035,TIPBUNPHOT GROUP COMPANY LIMITED
15036,"TOA PERFORMANCE COATING CORPORATION CO.,LTD."
26899,"TOP MULTIPRINT CO., LTD."
15037,TOP TRADER COMPANY LIMITED
15038,TOPPAN EDGE (THAILAND) LIMITED
15039,TOPTIER INNOVATION COMPANY LIMITED
15040,TOPTIER IT MANPOWER COMPANY LIMITED
15041,TOTAL PRECAST COMPANY LIMITED
15075,"Total Solution Insurance Broker Co., Ltd."
15042,TOYO TAS CONSULTING COMPANY LIMITED
15043,"TOYOTA MAHASARAKHAM CO., LTD."
15044,"TOYOTA MATERIAL HANDLING WAREHOUSE SOLUTIONS (THAILAND) CO., LTD."
26908,"Toyota Tsusho System (Thailand) Co.,Ltd"
15045,"TOYOTA TSUSHO SYSTEMS (THAILAND) CO., LTD."
15046,TPT PETROCHEMICALS PUBLIC COMPANY LIMITED
15047,"TRANG PALM OIL CO., LTD."
15048,"TRANSCOSMOS (THAILAND) CO., LTD."
15049,TREE MONEY HOLDING COMPANY LIMITED
15050,TREND MICRO (THAILAND) COMPANY LIMITED
15051,"TRI - WALL PACKAGING ( THAI ) CO.,LTD."
15052,TRINITY ROOTS COMPANY LIMITED
15053,"TRIPANYA CO.,LTD."
15054,"TRISTAR FLOATING RESTAURANT CO., LTD."
15055,TRITON ENGINEERING AND CONSTRUCTION PUBLIC COMPANY LIMITED
15056,TRITON HOLDING PUBLIC COMPANY LIMITED
15057,TRUELOGIC COMPANY LIMITED
15058,TSFC SECURITIES PUBLIC COMPANY LIMITED
15059,"TSSK LOGISTICS CO., LTD."
15060,TT FUJI TOOL SUPPORT COMPANY LIMITED
15061,TUKEJAI TECH LIMITED PARTNERSHIP
15062,"TUNGTHANASIN CO., LTD."
15063,TURBINEAERO REPAIR LTD.
15064,TURNKEY COMMUNICATION SERVICES PUBLIC COMPANY LIMITED
15065,"TWO PLUS SOFT CO., LTD."
15076,U-HEALTHY COMPANY LIMITED
15077,UBIS (ASIA) PUBLIC COMPANY LIMITED
15078,UCLOUD COMPANY LIMITED
15079,UDON JAPANFOOD COMPANY LIMITED
26096,uih
15101,Underwriters Association
15080,UNI-PRESIDENT (THAILAND) LTD.
15081,UNILTFE INTERNATIONAL COMPANY LIMITED
15082,"UNION AUTOPARTS MANUFACTURING CO., LTD."
15083,"UNION CHEMICALS & EQUMPMENTS CO., LTD."
15084,UNION LIFE INSURANCE PUBLIC COMPANY LIMITED
15085,UNIQUE ENGINEERING AND CONSTRUCTION PUBLIC COMPANY LIMITED
15086,UNIQUE GAS & PETROCHEMICAL PUBLIC COMPANY LIMITED
15087,"UNIQUE PLASTIC INDUSTRY CO., LTD."
15088,UNITED COIL CENTER LIMITED
15089,UNITED DISTRIBUTION BUSINESS COMPANY LIMITED
15090,"UNITED INFORMATION HIGHWAY CO., LTD."
15091,UNITED OFFSHORE AVIATION COMPANY LIMITED
15092,"UNITED TELECOM SALES & SERVICES CO., LTD."
15093,"UNITY GROUP CO., LTD."
15094,UNITY SOFT COMPANY LIMITED
15095,UNIVERSAL ADSORBENTS & CHEMICALS PUBLIC COMPANY LIMITED
15102,University of the Thai Chamber of Commerce
15096,UNIXDEV COMPANY LIMITED
15097,UOB KAY HIAN SECURITIES (THAILAND) PUBLIC COMPANY LIMITED
15103,Upa Intertrade Co Ltd
15098,"URBANWAY HOLDING CO., LTD."
15099,USE. FLO-LINE COMPANY LIMITED
15100,USUI INTERNATIONAL CORPORATION (THAILAND) LIMITED
26952,"Utel Co.,Ltd"
15104,V.M.C SAFETY GLASS (THAILAND) COMPANY LIMITED
15105,V2N DEVELOPER COMPANY LIMITED
15106,"VANTA CAPITAL CO., LTD."
15107,VENINE CABLE ELECTRIC WIRE COMPANY LIMITED
15108,"VET RECOMMENDED CO., LTD."
15109,VGI PUBLIC COMPANY LIMITED
15115,"Victory Management Service Co.,Ltd."
15110,"VINCENT INTERNATIONAL CO., LTD."
15111,VIRGIN ACTIVE (THAILAND) LIMITED
15112,"VIRIYAH INNOVATION CO., LTD."
15113,VIRIYAH SUPPLY COMPANY LIMITED
15114,VOICETEL COMPANY LIMITED
15116,"WAAN EXCHANGE CO., LTD."
15117,"WANGNAMYEN DAIRY EMPLOYEE WELFARE COFFEE SHOP CO.,LTD."
15118,WARRIX SPORT PUBLIC COMPANY LIMITED
15119,WATER POG COMPANY LIMITED
15120,WATTANAPAT HOSPITAL TRANG PUBLIC COMPANY LIMITED
15121,WAYLAR CORPORATION LIMITED
15123,WEEAT COMPANY LIMITED
15122,"WEGITAL CO., LTD."
15125,WELLNESS PRODUCT DEVELOPMENT CENTER COMPANY LIMITED
14426,"WELPLAY CO., LDT."
15124,WEVOLUTION GROUP COMPANY LIMITED
15127,WICE LOGISTICS PUBLIC COMPANY LIMITED
15126,WIDE FAITH FOODS COMPANY LIMITED
15128,WILL TELECOM (THAILAND) COMPANY LIMITED
15129,WIN CHANCE FOODS COMPANY LIMITED
15130,"WING LEASING CO., LTD."
15131,"WIRE ENGINEERING INDUSTRIAL CO.,LTD."
15132,WIROON & GWYNESS COMPANY LIMITED
15133,WITHITHAI REAL ESTATE COMPANY LIMITED
15134,"WIZS ENTERPRISE GROUP CO.,LTD."
15135,"WORLDLEASE CO., LTD."
15136,"XCELLENCE CORPORATION CO.,LTD."
15137,XSPRING CAPITAL PUBLIC COMPANY LIMITED
15138,XYLOGICS SERVICES COMPANY LIMITED
15139,YA SALES & SERVICES COMPANY LIMITED
15140,YAMATO UNYU (THAILAND) COMPANY LIMITED
15141,YDM (THAILAND) COMPANY LIMITED
15142,YEHPATTANA TAYEH COMPANY LIMITED
15143,YIP IN TSOI & COMPANY LIMITED
15144,YMT INNOVATION COMPANY LIMITED
15145,"YOKOHAMA RUBBER (THAILAND) CO., LTD."
15146,"YOKOHAMA TIRE SALES (THAILAND) CO.,LTD."
15147,YUDO (THAILAND) COMPANY LIMITED
15148,"YUSEN FOOD SUPPLY CHAIN (THAILAND) CO., LTD."
15149,"YUSEN LOGISTICS (THAILAND) CO., LTD."
15150,YVES ROCHER (THAILAND) COMPANY LIMITED
15151,ZEON DAVANCED POLYMIX COMPANY LIMITED
26065,à¸à¸£à¸´à¸©à¸±à¸ à¸à¸à¸²à¸à¸²à¸£à¸à¸ªà¸´à¸à¸£à¹à¸à¸¢ à¸à¸³à¸à¸±à¸ (à¸¡à¸«à¸²à¸à¸)
26941,à¸à¸£à¸´à¸©à¸±à¸ à¸£à¸´à¸ à¸ªà¸à¸­à¸£à¹à¸ à¸à¸³à¸à¸±à¸ (à¸¡à¸«à¸²à¸à¸)
26137,à¸ªà¸³à¸à¸±à¸à¸à¸²à¸à¸à¹à¸¢à¸à¸²à¸¢à¹à¸¥à¸°à¹à¸à¸à¸à¸£à¸±à¸à¸¢à¸²à¸à¸£à¸à¸£à¸£à¸¡à¸à¸²à¸à¸´à¹à¸¥à¸°à¸ªà¸´à¹à¸à¹à¸§à¸à¸¥à¹à¸­à¸¡ (ONEP)
